id_sinistro,id_apolice,valor_sinistro
1,24,19787.3
2,24,13099.89
3,41,7555.01
4,99,3316.48
5,117,10905.59
6,122,9364.53
7,183,13624.67
8,280,4753.06
9,363,4095.68
10,381,4103.7
11,432,2072.51
12,432,9493.04
13,447,18025.35
14,454,728.56
15,458,1813.34
16,518,9199.16
17,526,17277.74
18,526,14270.46
19,575,3119.59
20,575,4107.7
21,584,16777.62
22,605,25220.34
23,675,14581.87
24,675,6121.01
25,750,3001.78
26,762,14031.62
27,789,8161.98
28,797,26762.06
29,813,5633.7
30,835,5418.94
31,879,760.18
32,883,19870.26
33,936,7228.14
34,967,8452.03
35,1019,1265.07
36,1057,1167.63
37,1104,502.42
38,1119,30313.27
39,1312,6641.11
40,1334,9607.97
41,1353,535.69
42,1354,8786.77
43,1426,7465.41
44,1478,9563.5
45,1499,4695.46
46,1545,3091.44
47,1745,10634.12
48,1752,5641.72
49,1790,7209.48
50,1797,4996.83
51,1868,20424.95
52,1870,10043.02
53,1896,16882.61
54,1933,9109.07
55,1987,3597.06
56,2053,5483.52
57,2114,6373.0
58,2230,5179.58
59,2304,14563.68
60,2305,1142.81
61,2328,3797.89
62,2334,3414.81
63,2398,4704.02
64,2409,886.88
65,2415,1272.29
66,2462,5303.18
67,2514,12802.31
68,2525,10475.8
69,2534,8030.67
70,2542,7964.99
71,2548,1771.92
72,2575,13575.62
73,2656,3156.53
74,2753,7484.38
75,2791,3079.7
76,2835,25534.66
77,2940,9909.81
78,3017,2296.87
79,3048,8465.03
80,3058,14774.3
81,3061,5121.51
82,3101,8028.88
83,3118,9326.5
84,3176,5144.97
85,3196,9707.33
86,3199,2780.19
87,3299,5927.78
88,3317,5453.55
89,3360,6284.42
90,3390,20708.3
91,3405,7868.2
92,3636,12582.06
93,3665,3356.42
94,3678,3196.66
95,3700,2551.2
96,3711,5205.16
97,3744,10956.96
98,3750,22446.73
99,3771,1907.95
100,3812,9501.91
101,3875,8766.62
102,3935,6564.17
103,3944,5116.85
104,3998,23517.92
105,4019,23953.43
106,4098,11629.05
107,4104,1165.99
108,4158,10821.32
109,4171,3319.53
110,4187,22330.39
111,4210,3132.76
112,4228,7032.33
113,4230,4997.12
114,4271,4757.72
115,4382,7253.16
116,4456,7096.58
117,4475,16387.9
118,4511,32076.32
119,4535,10710.04
120,4634,5285.51
121,4661,11142.91
122,4671,4611.84
123,4702,13556.23
124,4704,12052.16
125,4770,1276.62
126,4854,11357.9
127,4891,15614.86
128,4907,1140.58
129,4992,5737.62
130,5034,9056.55
131,5068,18565.91
132,5130,18142.27
133,5171,21138.32
134,5191,12710.49
135,5222,1140.08
136,5236,1841.72
137,5257,7142.97
138,5287,7809.46
139,5309,7067.95
140,5591,8414.6
141,5636,3663.23
142,5665,8276.42
143,5722,1998.42
144,5745,1874.9
145,5800,12332.33
146,5803,12623.7
147,5899,19693.6
148,5904,15775.3
149,5909,7451.51
150,5982,10376.93
151,6001,12013.12
152,6006,2739.55
153,6024,2478.51
154,6050,19894.22
155,6058,3893.37
156,6085,12459.62
157,6104,13069.26
158,6130,4424.31
159,6135,2775.74
160,6206,10615.1
161,6222,10301.94
162,6330,10798.82
163,6345,9498.49
164,6368,16313.46
165,6410,9337.64
166,6426,3681.03
167,6442,22693.47
168,6444,5658.18
169,6445,4152.07
170,6484,9470.31
171,6509,10032.63
172,6627,13992.98
173,6642,7232.94
174,6642,10706.0
175,6717,9253.06
176,6799,4957.39
177,6827,11319.73
178,6831,6178.18
179,6887,6300.5
180,6905,2177.59
181,6937,1090.8
182,6961,8281.07
183,6968,8788.95
184,7060,1602.34
185,7088,8613.46
186,7102,2363.64
187,7120,3463.77
188,7124,3710.93
189,7156,9237.73
190,7191,10189.22
191,7209,4012.35
192,7229,1116.0
193,7235,1971.48
194,7255,4482.55
195,7281,3271.01
196,7287,5860.61
197,7328,15315.04
198,7351,17356.62
199,7366,11381.94
200,7379,3675.13
201,7440,14607.93
202,7461,12083.66
203,7504,2170.82
204,7513,6697.68
205,7561,5231.18
206,7568,2900.43
207,7575,8266.01
208,7576,8709.2
209,7595,8411.31
210,7626,2976.55
211,7628,2801.42
212,7635,7370.63
213,7725,2156.26
214,7726,8704.51
215,7778,10135.08
216,7799,3600.92
217,7808,6670.38
218,7855,8256.07
219,7862,852.72
220,7901,14668.14
221,8022,1245.08
222,8031,2451.78
223,8060,6045.83
224,8065,3473.61
225,8100,23166.99
226,8117,900.79
227,8179,4064.64
228,8210,2762.66
229,8227,3533.15
230,8246,4915.86
231,8306,3294.96
232,8342,4296.04
233,8345,18187.64
234,8376,13771.15
235,8400,11611.52
236,8432,15012.01
237,8457,10525.56
238,8507,1793.88
239,8590,10870.3
240,8600,7741.64
241,8684,9681.65
242,8721,4263.17
243,8739,7873.01
244,8745,2337.53
245,8777,1300.19
246,8787,15135.24
247,8795,1564.97
248,8798,6730.58
249,8978,6949.44
250,9012,8676.49
251,9024,29316.39
252,9151,10623.6
253,9155,982.67
254,9183,7938.27
255,9243,19964.72
256,9295,9053.34
257,9340,4642.85
258,9421,1897.23
259,9446,20161.79
260,9459,20189.36
261,9566,5712.51
262,9588,5497.36
263,9597,16868.22
264,9600,17017.09
265,9686,5107.9
266,9707,4720.71
267,9716,2305.02
268,9837,16950.95
269,9893,2833.9
270,9953,3242.01
271,10083,3109.47
272,10194,9253.96
273,10199,3203.28
274,10262,4886.46
275,10278,9337.78
276,10297,7294.64
277,10356,3486.85
278,10383,12473.06
279,10398,4877.01
280,10456,7353.97
281,10501,2159.04
282,10615,10686.31
283,10700,13435.8
284,10711,8358.0
285,10786,1638.02
286,10807,7550.47
287,10824,5272.28
288,10840,4856.86
289,10848,2018.12
290,10854,6784.92
291,10856,7882.4
292,10856,6993.63
293,10883,7023.58
294,10897,9818.22
295,10939,13777.63
296,11010,9616.65
297,11018,18232.19
298,11083,2641.17
299,11123,18917.67
300,11157,7608.21
301,11226,10640.88
302,11331,7352.3
303,11345,11541.76
304,11353,8588.7
305,11381,9143.65
306,11388,7270.34
307,11402,13132.78
308,11421,3585.55
309,11425,759.8
310,11481,9986.57
311,11486,13202.98
312,11516,10600.26
313,11535,6733.26
314,11610,9317.94
315,11636,7547.37
316,11740,17477.5
317,11863,11005.53
318,11891,2142.26
319,11904,14691.0
320,11981,12043.41
321,12001,13919.19
322,12001,6470.71
323,12012,2636.23
324,12017,9244.84
325,12033,1952.73
326,12055,2855.63
327,12084,4277.56
328,12088,5281.17
329,12372,1016.77
330,12398,1933.03
331,12461,5229.78
332,12476,329.96
333,12587,3965.4
334,12598,14243.73
335,12622,20543.76
336,12631,5118.54
337,12670,14415.92
338,12764,7953.24
339,12765,4449.88
340,12819,2934.99
341,12985,13300.67
342,12989,8875.16
343,12994,8015.02
344,13027,7288.74
345,13090,11323.22
346,13134,9457.34
347,13153,2396.77
348,13160,10143.65
349,13166,948.05
350,13281,4699.53
351,13342,10004.45
352,13369,8529.82
353,13409,6041.07
354,13430,28432.51
355,13440,9063.14
356,13457,591.17
357,13477,11419.0
358,13607,10431.21
359,13655,2734.39
360,13669,9545.9
361,13672,20990.03
362,13723,5391.95
363,13747,14441.15
364,13881,11142.0
365,13942,6802.89
366,13945,11782.77
367,13968,4808.14
368,13988,19151.54
369,14016,5276.61
370,14059,2053.76
371,14137,7093.67
372,14174,5197.17
373,14198,3510.11
374,14232,12192.03
375,14232,16201.76
376,14244,6632.56
377,14252,6580.78
378,14260,6381.06
379,14280,3756.25
380,14294,12040.9
381,14383,2724.81
382,14433,6009.52
383,14457,10721.75
384,14467,2630.9
385,14477,14688.6
386,14484,6444.52
387,14531,8733.22
388,14546,370.67
389,14652,5312.32
390,14675,10585.6
391,14675,8289.9
392,14824,12554.54
393,14959,16529.08
394,14975,5395.2
395,15084,9403.12
396,15126,12770.09
397,15131,11261.89
398,15203,10410.38
399,15235,9135.17
400,15256,3398.73
401,15260,7216.32
402,15283,18637.13
403,15309,13048.37
404,15371,2855.45
405,15375,8465.93
406,15396,5621.76
407,15432,4549.47
408,15435,4620.47
409,15466,12319.2
410,15517,14331.69
411,15594,15098.81
412,15599,10502.48
413,15615,7572.39
414,15737,16774.98
415,15887,4296.44
416,15931,13990.76
417,16013,13517.21
418,16050,10130.49
419,16119,12604.51
420,16168,7908.92
421,16170,13755.32
422,16176,18029.69
423,16199,10990.16
424,16214,3139.99
425,16357,2803.54
426,16472,7534.95
427,16483,16365.21
428,16486,7386.74
429,16501,7595.27
430,16535,5874.1
431,16572,6336.5
432,16573,5255.52
433,16646,4854.13
434,16646,3548.1
435,16648,6423.12
436,16658,10781.55
437,16671,8854.44
438,16683,4610.53
439,16683,7166.57
440,16720,13395.82
441,16768,1808.53
442,16768,16890.21
443,16776,2568.62
444,16949,8211.62
445,16994,5524.92
446,17144,1514.98
447,17179,23684.18
448,17198,3358.37
449,17255,4753.68
450,17366,1192.08
451,17375,12079.62
452,17460,11122.75
453,17508,7460.7
454,17601,4110.73
455,17633,6880.3
456,17641,19130.97
457,17761,8489.61
458,17769,3682.11
459,17810,8894.0
460,17813,928.15
461,17815,6818.76
462,17820,2343.16
463,17821,4477.58
464,17870,11237.94
465,17908,1809.06
466,17916,4984.28
467,17921,3468.95
468,18014,2119.73
469,18015,9998.25
470,18077,12449.29
471,18137,10606.71
472,18163,18253.72
473,18227,13156.95
474,18230,2861.71
475,18236,5214.43
476,18268,9334.16
477,18281,9938.35
478,18285,6381.44
479,18302,9253.18
480,18390,6455.19
481,18458,3914.16
482,18485,22072.19
483,18497,13013.22
484,18542,4002.4
485,18555,4529.77
486,18624,6134.52
487,18625,5470.63
488,18673,11917.95
489,18702,759.17
490,18754,7906.49
491,18862,14136.98
492,18863,4903.43
493,18877,1878.72
494,18888,3601.54
495,18901,14327.09
496,18984,12732.95
497,19021,5158.71
498,19041,3053.27
499,19131,1072.52
500,19182,2812.87
501,19232,8652.99
502,19257,3482.57
503,19375,15987.15
504,19378,1642.37
505,19409,5193.68
506,19435,9167.15
507,19437,11523.15
508,19716,7334.07
509,19725,7530.14
510,19777,14265.26
511,19780,18303.59
512,19840,18171.36
513,19863,7797.16
514,19884,19729.36
515,19917,2543.13
516,19966,2467.07
517,20007,9655.35
518,20011,8407.68
519,20127,7401.28
520,20127,7417.38
521,20131,9341.79
522,20174,5859.11
523,20330,7671.64
524,20351,10054.62
525,20416,3472.51
526,20429,13440.37
527,20471,4361.26
528,20500,4848.0
529,20501,3263.61
530,20581,2409.12
531,20598,2563.52
532,20609,12628.87
533,20793,4634.46
534,20856,9603.88
535,20865,4281.67
536,20871,20634.88
537,20881,6497.09
538,20901,14414.58
539,20955,3201.2
540,21025,2273.39
541,21051,1978.83
542,21070,5456.72
543,21110,5032.81
544,21132,11036.61
545,21141,8271.9
546,21144,8646.81
547,21145,3698.18
548,21250,1013.74
549,21264,10389.51
550,21265,7834.7
551,21284,3693.05
552,21286,2880.7
553,21296,2688.34
554,21371,16464.76
555,21381,9738.53
556,21455,8115.42
557,21572,7975.64
558,21584,5776.63
559,21602,7421.7
560,21656,9332.63
561,21699,23487.19
562,21749,10557.38
563,21767,9284.6
564,21803,7927.17
565,21835,13001.87
566,21837,11809.91
567,21915,11616.86
568,21916,24380.47
569,21940,6688.77
570,21974,1677.39
571,22005,4318.14
572,22039,16524.84
573,22081,10645.07
574,22094,18482.33
575,22158,22582.82
576,22189,1001.74
577,22270,4626.21
578,22412,3111.17
579,22427,3434.42
580,22435,6076.71
581,22489,6728.72
582,22507,10820.18
583,22543,26956.43
584,22610,3668.67
585,22612,9189.47
586,22669,2019.15
587,22716,18792.18
588,22742,4208.42
589,22872,6661.69
590,22917,5054.28
591,22943,6111.63
592,22969,7869.29
593,23024,12072.75
594,23057,2614.16
595,23112,17531.07
596,23227,4104.71
597,23234,3448.26
598,23235,3947.78
599,23283,1669.37
600,23293,2630.41
601,23295,8750.94
602,23299,22210.36
603,23302,2237.61
604,23303,3998.75
605,23306,6619.93
606,23315,2382.11
607,23376,14112.73
608,23416,6858.06
609,23444,16637.97
610,23481,5684.95
611,23521,3824.78
612,23539,3348.29
613,23541,1898.43
614,23551,18832.58
615,23604,6103.21
616,23605,15645.44
617,23666,8047.72
618,23708,25450.63
619,23723,6509.18
620,23741,4370.11
621,23887,1550.85
622,24021,20937.17
623,24037,7193.95
624,24059,28085.59
625,24131,9841.95
626,24141,25545.12
627,24170,8065.48
628,24213,8097.74
629,24263,7079.53
630,24276,16704.6
631,24277,16919.89
632,24335,2062.78
633,24393,17378.45
634,24401,22119.1
635,24566,5945.82
636,24579,7401.41
637,24706,15536.03
638,24722,2228.26
639,24786,9657.23
640,24820,3266.25
641,24949,13690.7
642,25008,7089.47
643,25013,4787.77
644,25033,7620.85
645,25069,18272.27
646,25081,15965.46
647,25086,5239.28
648,25163,9961.31
649,25218,17248.13
650,25275,1239.37
651,25314,15642.31
652,25404,2277.44
653,25414,8697.48
654,25427,7829.01
655,25515,6152.6
656,25556,5377.06
657,25612,4488.24
658,25655,6511.32
659,25740,5004.25
660,25761,4187.64
661,25764,2741.3
662,25810,14591.92
663,25834,8403.14
664,25858,21594.87
665,25859,7612.2
666,25869,6897.88
667,25893,6931.76
668,26029,7895.22
669,26035,5743.46
670,26065,9722.89
671,26115,4504.06
672,26123,5915.25
673,26131,6532.53
674,26144,4874.22
675,26187,2046.07
676,26312,9808.92
677,26346,5764.48
678,26379,15062.88
679,26389,13432.69
680,26448,9975.58
681,26449,2098.73
682,26532,5301.58
683,26535,35087.54
684,26675,8797.77
685,26690,8661.39
686,26698,2083.63
687,26703,15992.78
688,26761,16110.18
689,26779,11636.26
690,26802,12168.36
691,26808,8083.33
692,26851,21833.71
693,26873,3584.74
694,26915,12171.81
695,26958,14093.2
696,26987,14604.23
697,27015,10164.17
698,27040,2307.18
699,27124,6617.64
700,27179,3806.42
701,27217,7875.15
702,27217,3129.5
703,27237,8579.78
704,27251,6145.76
705,27299,11000.61
706,27391,12801.21
707,27459,4240.39
708,27460,14520.04
709,27476,4948.47
710,27479,24338.81
711,27486,13343.91
712,27491,4298.09
713,27521,4373.67
714,27523,1501.85
715,27545,6309.96
716,27550,6107.14
717,27562,1874.07
718,27592,1182.57
719,27617,7756.49
720,27620,4819.64
721,27769,5523.99
722,27775,5958.07
723,27865,5239.09
724,27885,6012.48
725,27893,6673.61
726,27897,15576.04
727,27949,2508.19
728,27962,6937.14
729,28129,506.3
730,28167,7386.48
731,28174,3086.51
732,28181,8198.81
733,28192,19300.3
734,28202,12661.28
735,28210,2813.54
736,28235,32110.4
737,28266,3868.45
738,28310,4541.1
739,28364,7018.19
740,28469,15629.06
741,28509,2209.28
742,28599,3728.07
743,28692,17759.0
744,28738,9299.71
745,28766,2367.19
746,28894,13630.19
747,28922,14815.38
748,28931,20727.83
749,28959,7546.47
750,28963,8622.2
751,29007,1638.55
752,29032,9117.93
753,29057,15759.7
754,29080,6954.99
755,29130,1140.21
756,29141,14634.96
757,29177,4853.5
758,29198,6213.86
759,29227,15176.51
760,29267,10689.24
761,29298,4285.95
762,29302,3114.12
763,29359,25998.27
764,29364,8398.45
765,29406,7816.69
766,29408,9652.66
767,29420,2646.72
768,29434,8492.99
769,29498,6021.4
770,29550,14761.96
771,29630,9442.87
772,29633,12908.49
773,29658,3616.22
774,29671,4917.16
775,29696,19443.96
776,29767,4630.42
777,29769,11872.0
778,29778,1095.64
779,29856,17294.45
780,29873,7988.88
781,29884,19011.34
782,29890,10416.81
783,29970,7319.26
784,30065,14667.86
785,30109,2835.78
786,30124,2559.87
787,30162,22668.69
788,30166,8925.29
789,30188,15368.05
790,30219,11115.84
791,30222,4683.92
792,30250,2653.22
793,30278,2699.0
794,30282,17348.44
795,30292,3696.85
796,30332,14227.2
797,30388,2811.42
798,30407,7413.18
799,30448,4970.92
800,30466,6846.82
801,30486,1949.14
802,30488,13216.17
803,30522,7165.66
804,30529,3957.28
805,30540,3300.31
806,30567,7248.78
807,30637,11209.32
808,30647,31385.55
809,30706,2643.6
810,30709,10032.2
811,30732,7474.07
812,30798,10610.68
813,30827,18350.42
814,30837,6586.89
815,30863,3227.41
816,30869,4976.79
817,30870,9849.23
818,30889,3742.97
819,30911,2784.27
820,30989,1936.51
821,30991,3229.68
822,31056,4807.76
823,31077,6516.45
824,31095,7018.34
825,31107,6917.63
826,31114,15376.77
827,31129,7901.82
828,31148,2565.4
829,31247,10566.75
830,31261,2925.98
831,31265,13542.53
832,31272,13119.14
833,31343,6100.52
834,31374,4605.08
835,31424,13472.64
836,31462,599.42
837,31498,9938.94
838,31506,3814.77
839,31540,1409.7
840,31569,2781.12
841,31606,2249.21
842,31608,1576.25
843,31623,5333.49
844,31632,18154.6
845,31705,5437.04
846,31725,6488.2
847,31780,4305.56
848,31980,6465.67
849,31992,833.08
850,32169,5335.7
851,32172,11234.23
852,32264,12973.69
853,32294,7022.22
854,32330,2595.72
855,32393,8642.05
856,32398,7074.76
857,32404,12915.57
858,32452,5714.79
859,32471,4336.67
860,32492,3969.61
861,32549,4225.65
862,32604,9219.38
863,32645,6216.12
864,32649,12007.04
865,32676,6347.28
866,32683,9732.88
867,32691,4945.01
868,32706,5774.79
869,32716,3481.35
870,32727,8080.41
871,32761,9634.46
872,32855,6909.3
873,32923,9871.92
874,32929,6207.99
875,32936,6547.1
876,32979,8143.27
877,32991,11415.08
878,33013,2186.13
879,33073,3327.6
880,33102,6526.23
881,33113,13252.86
882,33202,21525.95
883,33289,2834.93
884,33405,4452.08
885,33425,23773.36
886,33485,12770.8
887,33598,9089.6
888,33616,6050.91
889,33736,6029.08
890,33815,1288.11
891,33831,9178.69
892,33834,17055.57
893,33882,4482.82
894,33952,2389.02
895,34015,13927.94
896,34037,4169.35
897,34051,14407.54
898,34060,13088.17
899,34093,16462.29
900,34194,6333.34
901,34196,8375.11
902,34258,4749.81
903,34308,20103.29
904,34327,6274.26
905,34350,3843.61
906,34407,2630.11
907,34471,9057.86
908,34473,4657.14
909,34496,6896.23
910,34513,4162.68
911,34529,5611.13
912,34628,5280.29
913,34653,5965.17
914,34668,15223.65
915,34705,10357.98
916,34707,3580.67
917,34712,11707.42
918,34733,2174.75
919,34973,11083.26
920,34976,14968.46
921,34976,9566.74
922,34985,4079.03
923,35009,20992.72
924,35031,11106.89
925,35037,2862.51
926,35053,6583.21
927,35059,6240.27
928,35080,5968.92
929,35174,12285.14
930,35204,4285.55
931,35227,14798.26
932,35238,18847.29
933,35248,5851.69
934,35269,8510.07
935,35314,5868.2
936,35345,10679.95
937,35405,4968.31
938,35461,11752.38
939,35484,3537.03
940,35528,1332.28
941,35555,6086.03
942,35589,24960.14
943,35613,6241.55
944,35619,9997.45
945,35638,5027.06
946,35657,4136.89
947,35724,8077.92
948,35735,5958.47
949,35764,5384.55
950,35785,9147.85
951,35785,12578.54
952,35846,8725.97
953,35964,10774.92
954,35984,8573.73
955,35997,8649.85
956,36054,475.03
957,36078,2445.49
958,36083,15413.91
959,36091,1657.4
960,36135,1462.74
961,36166,10816.4
962,36174,16673.17
963,36177,4324.28
964,36233,4676.21
965,36322,3242.41
966,36348,3441.6
967,36403,13349.37
968,36499,9755.35
969,36557,13845.2
970,36596,8821.8
971,36610,1166.77
972,36626,6732.67
973,36649,2092.59
974,36669,11877.92
975,36695,3366.24
976,36705,1771.67
977,36716,24063.46
978,36734,10650.91
979,36736,3912.28
980,36780,11448.42
981,36820,18929.5
982,36834,10023.39
983,36894,13065.66
984,36894,941.07
985,37068,11826.64
986,37084,5516.85
987,37148,3435.64
988,37221,9256.2
989,37255,15594.7
990,37368,6766.16
991,37368,8067.02
992,37439,7729.27
993,37440,3032.32
994,37622,7488.09
995,37676,5248.28
996,37688,10042.75
997,37778,9333.55
998,37797,11733.78
999,37834,11208.47
1000,37863,5215.16
1001,37865,3716.51
1002,37866,1328.08
1003,37881,21516.59
1004,37886,3584.71
1005,37902,5645.04
1006,37919,2357.71
1007,37995,10174.16
1008,38083,21654.05
1009,38113,12111.51
1010,38152,4916.43
1011,38270,4907.04
1012,38302,795.72
1013,38352,4563.13
1014,38358,3994.89
1015,38393,7732.45
1016,38402,8709.68
1017,38425,13905.5
1018,38444,8149.58
1019,38512,2239.39
1020,38622,3117.93
1021,38659,6563.54
1022,38709,1864.52
1023,38751,6883.94
1024,38833,3078.77
1025,38873,7959.55
1026,38926,12663.51
1027,38946,13983.08
1028,38950,9423.24
1029,38978,2737.08
1030,39000,5243.93
1031,39017,2346.3
1032,39104,11918.47
1033,39242,13728.96
1034,39254,13029.3
1035,39261,8308.73
1036,39290,1279.02
1037,39308,7557.05
1038,39354,10803.2
1039,39365,8573.76
1040,39383,10918.41
1041,39429,6627.03
1042,39480,2368.11
1043,39588,7277.58
1044,39590,7559.59
1045,39633,14318.56
1046,39646,6149.43
1047,39669,22899.95
1048,39672,8762.21
1049,39683,8328.64
1050,39711,8998.84
1051,39732,6610.83
1052,39734,3935.69
1053,39766,6182.29
1054,39826,4494.07
1055,39839,15369.79
1056,39841,13308.89
1057,39854,2502.51
1058,39931,3223.68
1059,39934,3258.96
1060,39992,11401.59
1061,40007,12886.19
1062,40014,4852.61
1063,40072,3533.25
1064,40081,9351.24
1065,40107,4717.86
1066,40144,15902.27
1067,40181,11905.01
1068,40227,3712.43
1069,40293,6448.13
1070,40294,8841.87
1071,40303,6205.89
1072,40341,765.81
1073,40353,12894.35
1074,40373,18740.61
1075,40376,12298.63
1076,40438,5531.45
1077,40445,2911.39
1078,40466,4907.02
1079,40541,15844.17
1080,40547,8131.38
1081,40554,4296.47
1082,40567,9987.88
1083,40595,9809.4
1084,40640,9594.14
1085,40670,7503.66
1086,40692,5993.9
1087,40755,4680.78
1088,40806,8648.39
1089,40854,3587.93
1090,40865,5740.29
1091,40957,7119.79
1092,41003,24266.71
1093,41057,1645.53
1094,41078,1197.01
1095,41117,9547.53
1096,41202,8230.81
1097,41253,17673.26
1098,41287,5398.62
1099,41369,5559.96
1100,41444,880.1
1101,41458,1478.5
1102,41480,8488.24
1103,41483,2964.2
1104,41606,8619.07
1105,41624,8791.12
1106,41632,12770.72
1107,41635,4007.27
1108,41706,401.96
1109,41743,14361.09
1110,41835,12682.77
1111,41868,6982.66
1112,41868,5663.81
1113,41872,4751.79
1114,41898,11692.78
1115,41926,5640.6
1116,42028,6176.43
1117,42136,11649.54
1118,42190,9668.5
1119,42229,13083.44
1120,42273,567.78
1121,42280,3725.61
1122,42341,11816.15
1123,42350,1793.07
1124,42394,7246.16
1125,42489,10524.55
1126,42812,10023.96
1127,42942,1739.09
1128,42996,10090.82
1129,43009,4369.94
1130,43037,11299.31
1131,43045,4551.44
1132,43049,4418.33
1133,43067,2057.03
1134,43151,5686.03
1135,43165,7195.13
1136,43218,7704.31
1137,43272,5758.57
1138,43275,11241.31
1139,43361,7025.58
1140,43372,11801.79
1141,43383,4548.31
1142,43421,3606.8
1143,43460,7834.82
1144,43461,6089.69
1145,43471,18293.01
1146,43573,3325.57
1147,43661,9695.71
1148,43698,5025.37
1149,43747,427.08
1150,43766,18194.5
1151,43884,2512.74
1152,43930,10171.78
1153,44014,9203.24
1154,44106,11497.5
1155,44133,4115.39
1156,44229,9639.21
1157,44372,8466.85
1158,44426,1748.45
1159,44442,4487.66
1160,44444,2987.47
1161,44533,4642.0
1162,44542,3027.79
1163,44567,1426.76
1164,44584,5734.51
1165,44597,23016.63
1166,44691,8545.26
1167,44735,2794.12
1168,44751,7251.27
1169,44783,13885.39
1170,44811,25220.44
1171,44839,11624.92
1172,44938,16776.4
1173,44969,5179.57
1174,44990,7918.74
1175,45054,5185.96
1176,45073,12096.82
1177,45111,232.93
1178,45173,6484.96
1179,45177,14336.29
1180,45189,2100.79
1181,45226,2263.87
1182,45244,9013.04
1183,45258,8911.19
1184,45306,20453.31
1185,45330,6804.4
1186,45333,3169.26
1187,45362,15945.94
1188,45382,4294.77
1189,45386,6562.82
1190,45486,2202.08
1191,45498,7471.01
1192,45558,4052.91
1193,45665,3290.67
1194,45682,13895.42
1195,45835,2838.2
1196,45883,4735.22
1197,45901,3315.64
1198,45914,5394.13
1199,45931,14469.34
1200,45975,2280.28
1201,45982,11729.7
1202,46028,9273.97
1203,46074,2590.8
1204,46075,2109.81
1205,46083,6901.83
1206,46096,5173.61
1207,46167,12973.05
1208,46198,841.71
1209,46200,15892.5
1210,46225,5896.97
1211,46271,14844.93
1212,46291,4092.71
1213,46331,865.2
1214,46364,2613.22
1215,46372,13073.29
1216,46395,7336.05
1217,46419,12261.73
1218,46428,3473.93
1219,46438,5363.3
1220,46590,5092.03
1221,46754,18695.58
1222,46794,11195.09
1223,46862,3204.17
1224,46866,21940.19
1225,46910,11653.1
1226,46937,10744.83
1227,46964,3155.27
1228,46989,13517.73
1229,47032,5816.86
1230,47062,3834.79
1231,47158,6323.0
1232,47189,6365.53
1233,47193,11594.02
1234,47198,13603.07
1235,47208,4817.99
1236,47210,9250.51
1237,47223,3377.69
1238,47249,1645.37
1239,47267,32133.35
1240,47373,17378.8
1241,47613,17988.12
1242,47638,1578.78
1243,47639,3439.3
1244,47642,9113.55
1245,47643,1707.97
1246,47645,12662.63
1247,47650,2806.03
1248,47699,5427.51
1249,47708,3990.27
1250,47742,15355.15
1251,47778,6922.32
1252,47865,7029.38
1253,47877,3004.06
1254,47909,19556.43
1255,47952,1386.11
1256,48015,11158.58
1257,48120,6645.75
1258,48136,7960.17
1259,48220,11125.86
1260,48223,8876.72
1261,48247,5427.62
1262,48345,18862.43
1263,48364,1801.72
1264,48422,20634.62
1265,48558,1877.14
1266,48647,3402.97
1267,48665,7283.65
1268,48668,5003.79
1269,48675,21622.32
1270,48725,7202.55
1271,48782,4140.63
1272,48808,9335.93
1273,48811,21873.45
1274,48816,8334.27
1275,48816,3613.77
1276,48982,5013.03
1277,48988,7744.9
1278,48994,8426.68
1279,49023,21040.15
1280,49111,6076.91
1281,49186,1434.65
1282,49245,4170.32
1283,49260,6351.29
1284,49350,6501.43
1285,49547,3837.4
1286,49595,10597.53
1287,49662,9511.04
1288,49710,11487.09
1289,49741,18609.37
1290,49772,4471.55
1291,49784,1891.3
1292,49785,10748.91
1293,49853,21929.65
1294,49866,23432.8
1295,49866,16667.71
1296,49984,6296.92
1297,50051,20779.16
1298,50243,5040.52
1299,50268,3399.25
1300,50341,8568.58
1301,50342,5039.67
1302,50371,16862.22
1303,50398,4618.16
1304,50412,9823.91
1305,50573,5579.66
1306,50583,36167.18
1307,50629,3709.63
1308,50765,877.53
1309,50799,3566.75
1310,50858,2951.08
1311,50870,7435.23
1312,50953,12650.97
1313,50966,15183.62
1314,50992,19048.34
1315,50997,5915.71
1316,51125,11425.04
1317,51125,9274.94
1318,51190,6216.17
1319,51207,3617.61
1320,51230,2614.75
1321,51273,13450.63
1322,51277,5492.28
1323,51304,9534.92
1324,51349,2751.88
1325,51415,10015.12
1326,51417,8621.52
1327,51429,2948.65
1328,51468,18447.42
1329,51483,1829.9
1330,51549,18963.08
1331,51582,11040.42
1332,51697,12935.66
1333,51775,8152.02
1334,51855,9698.8
1335,51867,5362.56
1336,51979,3413.03
1337,51987,2666.62
1338,52003,3187.36
1339,52143,655.12
1340,52145,2314.29
1341,52191,4189.26
1342,52225,9720.68
1343,52229,4824.1
1344,52239,6114.47
1345,52266,5140.38
1346,52284,13261.87
1347,52327,2371.21
1348,52327,6493.0
1349,52481,2889.38
1350,52497,3675.98
1351,52602,11818.6
1352,52602,4957.58
1353,52610,5058.34
1354,52650,6186.28
1355,52655,4844.35
1356,52681,6420.77
1357,52682,11101.66
1358,52701,11379.13
1359,52702,6188.58
1360,52702,6301.22
1361,52730,3334.1
1362,52792,2602.68
1363,52794,20574.6
1364,52808,20992.26
1365,52885,12870.07
1366,52910,17252.01
1367,52914,7516.54
1368,52926,7198.31
1369,52958,6389.27
1370,52971,9128.62
1371,52995,1876.19
1372,53021,9934.65
1373,53053,19198.32
1374,53063,6818.85
1375,53069,2419.13
1376,53367,11865.76
1377,53367,12902.28
1378,53406,9981.61
1379,53459,5010.14
1380,53484,5837.91
1381,53505,4450.88
1382,53519,5905.34
1383,53538,15569.28
1384,53553,7376.67
1385,53584,5654.54
1386,53610,14622.05
1387,53610,8817.53
1388,53630,2660.5
1389,53662,4584.51
1390,53668,14131.52
1391,53742,7163.31
1392,53774,7171.45
1393,53778,13853.83
1394,53794,6686.36
1395,53800,3303.96
1396,53817,13156.53
1397,53829,6916.67
1398,53889,17706.35
1399,53915,29806.89
1400,54013,849.04
1401,54024,14235.6
1402,54141,3805.16
1403,54148,8389.87
1404,54211,5030.64
1405,54212,2097.32
1406,54222,4273.82
1407,54268,19324.99
1408,54329,7636.75
1409,54427,20952.97
1410,54448,14275.96
1411,54469,5982.42
1412,54492,5335.79
1413,54697,13631.2
1414,54698,7810.01
1415,54714,30692.33
1416,54715,8102.05
1417,54775,6188.09
1418,54835,1202.26
1419,54864,5061.03
1420,54884,3440.32
1421,54910,4970.75
1422,55047,5149.86
1423,55085,19261.11
1424,55170,7167.63
1425,55193,11388.14
1426,55222,6170.36
1427,55235,7009.55
1428,55365,4601.85
1429,55431,553.09
1430,55481,3321.5
1431,55484,15335.45
1432,55486,1253.55
1433,55492,8553.5
1434,55506,19656.54
1435,55510,2435.88
1436,55583,13215.3
1437,55702,5620.84
1438,55756,20073.86
1439,55776,2418.01
1440,55794,6325.8
1441,55843,3638.52
1442,56049,26277.06
1443,56103,3318.86
1444,56147,9753.41
1445,56204,7095.42
1446,56215,11238.0
1447,56221,15441.08
1448,56319,6835.89
1449,56324,5228.7
1450,56328,3075.13
1451,56346,4093.32
1452,56388,10413.57
1453,56431,5612.97
1454,56435,2746.37
1455,56443,10054.38
1456,56448,6657.78
1457,56471,9479.6
1458,56504,1821.35
1459,56579,11486.69
1460,56776,3118.03
1461,56787,8916.97
1462,56810,11380.95
1463,56840,5676.03
1464,56914,3585.4
1465,57003,385.58
1466,57014,12020.19
1467,57016,13095.93
1468,57119,8637.72
1469,57145,14468.52
1470,57172,16543.56
1471,57207,2936.44
1472,57232,7242.69
1473,57249,6709.67
1474,57272,5418.29
1475,57350,9203.34
1476,57353,10493.06
1477,57375,10298.28
1478,57386,3826.66
1479,57413,8393.78
1480,57547,2700.65
1481,57551,4930.22
1482,57575,2730.73
1483,57596,8897.26
1484,57602,3113.37
1485,57617,9207.17
1486,57712,11172.28
1487,57760,7224.33
1488,57806,3457.18
1489,57812,4215.14
1490,57858,2257.38
1491,57957,5252.36
1492,58025,6987.91
1493,58053,11750.52
1494,58074,10539.71
1495,58123,3247.56
1496,58133,7410.01
1497,58136,5245.6
1498,58167,7819.44
1499,58178,8454.74
1500,58194,11825.46
1501,58204,3728.82
1502,58255,3380.65
1503,58303,3900.32
1504,58347,10612.05
1505,58347,1421.05
1506,58363,9004.69
1507,58406,6205.01
1508,58437,9234.53
1509,58439,8628.64
1510,58682,4714.98
1511,58715,5525.41
1512,58732,1005.32
1513,58746,4709.84
1514,58750,5315.51
1515,58786,5776.63
1516,58801,10365.17
1517,58828,4128.58
1518,58856,3090.61
1519,58860,24898.71
1520,58915,10203.54
1521,59007,7936.9
1522,59067,3297.55
1523,59133,14494.1
1524,59154,6519.37
1525,59196,4474.52
1526,59201,11690.7
1527,59369,11624.95
1528,59415,5009.31
1529,59455,9604.61
1530,59475,4639.21
1531,59498,14243.4
1532,59511,2596.42
1533,59513,6437.31
1534,59580,4998.35
1535,59580,2103.37
1536,59599,8450.13
1537,59640,4227.24
1538,59664,7488.66
1539,59669,4714.81
1540,59683,7130.47
1541,59688,1906.84
1542,59691,5771.03
1543,59692,3667.86
1544,59821,10930.37
1545,59885,7835.86
1546,59914,4272.22
1547,60020,5903.99
1548,60031,1442.87
1549,60059,14509.67
1550,60080,3527.91
1551,60131,5897.67
1552,60189,8554.07
1553,60198,6101.27
1554,60204,22281.78
1555,60258,22688.79
1556,60268,3399.94
1557,60270,6880.99
1558,60298,4810.18
1559,60307,10480.98
1560,60382,7601.42
1561,60438,3864.28
1562,60528,6523.47
1563,60552,14242.84
1564,60576,4182.22
1565,60654,4938.03
1566,60681,1886.95
1567,60782,30585.35
1568,60825,2812.64
1569,60831,2170.87
1570,60891,14145.26
1571,60895,5054.27
1572,60957,13765.24
1573,60984,3712.92
1574,60994,28089.11
1575,61017,8259.26
1576,61062,5087.66
1577,61096,2176.32
1578,61242,11558.4
1579,61279,18721.76
1580,61364,7478.18
1581,61437,4363.82
1582,61440,1282.41
1583,61470,7859.03
1584,61493,13415.93
1585,61536,7060.51
1586,61540,9920.12
1587,61641,11111.25
1588,61793,9280.81
1589,61817,572.04
1590,61875,4935.69
1591,61939,3934.28
1592,62020,15087.78
1593,62023,1505.17
1594,62052,11420.5
1595,62131,1476.83
1596,62139,3954.56
1597,62231,4415.8
1598,62283,8912.18
1599,62319,3439.22
1600,62428,19755.13
1601,62466,4334.24
1602,62467,4060.41
1603,62501,12196.03
1604,62617,4414.88
1605,62939,12945.36
1606,62944,6131.48
1607,62959,17536.0
1608,62977,7749.82
1609,63022,7935.47
1610,63049,4278.66
1611,63081,25363.48
1612,63081,2096.02
1613,63210,6027.65
1614,63245,8444.89
1615,63307,3882.7
1616,63414,11023.26
1617,63423,2385.97
1618,63439,5786.33
1619,63678,3814.93
1620,63711,5894.94
1621,63731,3745.86
1622,63854,10361.23
1623,63872,8334.73
1624,63929,855.96
1625,63952,1451.84
1626,63957,2468.8
1627,63982,19769.36
1628,64018,6600.87
1629,64019,3019.36
1630,64122,3190.49
1631,64150,3640.94
1632,64266,1156.25
1633,64410,7448.01
1634,64472,2802.58
1635,64478,27814.83
1636,64531,11896.42
1637,64543,4024.81
1638,64552,3747.02
1639,64557,5995.66
1640,64586,15674.68
1641,64601,7700.58
1642,64615,8185.15
1643,64649,6525.99
1644,64676,11456.53
1645,64744,2638.87
1646,64746,13712.9
1647,64773,3469.08
1648,64817,5428.58
1649,64873,2064.54
1650,64949,1497.51
1651,64959,4426.17
1652,64962,12065.67
1653,64969,16731.99
1654,64978,3884.78
1655,64987,4403.39
1656,64989,12335.43
1657,65040,11941.66
1658,65069,10873.39
1659,65072,2289.09
1660,65151,10121.94
1661,65256,9440.0
1662,65264,7170.25
1663,65293,4270.93
1664,65298,3162.15
1665,65306,17407.09
1666,65328,5251.58
1667,65373,5933.79
1668,65431,3299.21
1669,65462,9292.22
1670,65470,7473.64
1671,65473,7769.0
1672,65489,7898.16
1673,65489,7705.03
1674,65499,3270.42
1675,65507,9087.97
1676,65579,8045.45
1677,65584,13437.86
1678,65604,6960.85
1679,65621,10486.98
1680,65649,13617.84
1681,65666,11403.09
1682,65688,8714.99
1683,65711,15978.07
1684,65769,6663.78
1685,65824,7196.8
1686,65833,9980.29
1687,65894,7192.57
1688,65955,6883.58
1689,65960,12545.93
1690,65962,4963.44
1691,65969,5514.53
1692,66016,4341.6
1693,66085,10171.49
1694,66098,6361.99
1695,66118,7599.48
1696,66229,16735.32
1697,66275,9062.87
1698,66300,4841.96
1699,66463,2018.76
1700,66501,7209.25
1701,66508,1965.37
1702,66533,6332.72
1703,66542,4563.56
1704,66602,5112.05
1705,66633,2160.34
1706,66660,5009.65
1707,66694,10618.58
1708,66723,2176.14
1709,66724,11020.25
1710,66755,1785.56
1711,66770,5208.98
1712,66800,8638.07
1713,66877,16923.23
1714,66893,7273.48
1715,66951,12027.08
1716,67007,3442.23
1717,67009,5593.26
1718,67145,7704.62
1719,67217,23721.94
1720,67290,12773.19
1721,67305,4022.49
1722,67325,2320.02
1723,67369,7042.67
1724,67476,6925.6
1725,67567,26859.04
1726,67612,5215.94
1727,67710,15365.65
1728,67761,11342.58
1729,67761,1450.97
1730,67797,6205.39
1731,67863,18715.91
1732,67882,7812.63
1733,67908,6767.9
1734,67960,4462.87
1735,67980,3909.51
1736,68010,7338.7
1737,68024,9858.75
1738,68045,10238.63
1739,68070,23798.48
1740,68070,9047.96
1741,68115,13789.32
1742,68129,17719.89
1743,68137,4143.75
1744,68147,19333.68
1745,68245,2383.16
1746,68282,7874.37
1747,68362,155.8
1748,68421,6032.52
1749,68426,11216.94
1750,68509,2614.29
1751,68530,10493.27
1752,68611,3689.2
1753,68612,5604.44
1754,68631,15174.45
1755,68645,5665.55
1756,68650,10070.09
1757,68658,6866.09
1758,68683,8578.26
1759,68697,6492.59
1760,68713,10788.57
1761,68735,3877.37
1762,68769,7185.33
1763,68829,4836.45
1764,68859,18233.21
1765,68860,9871.69
1766,68938,6629.14
1767,68953,24230.75
1768,68976,10977.04
1769,68996,13604.57
1770,69006,5421.71
1771,69051,4865.73
1772,69052,13110.86
1773,69084,14848.31
1774,69207,5698.7
1775,69228,2601.13
1776,69248,1550.95
1777,69256,8639.79
1778,69288,4161.18
1779,69320,14723.73
1780,69380,4100.37
1781,69384,1821.39
1782,69396,11324.62
1783,69407,9288.86
1784,69451,24304.09
1785,69456,546.63
1786,69567,10503.28
1787,69759,1819.73
1788,69764,16956.57
1789,69865,11673.0
1790,69927,4941.56
1791,69931,1295.6
1792,69959,15300.54
1793,69999,4676.42
1794,70026,6355.82
1795,70074,1362.86
1796,70086,3141.16
1797,70166,1585.72
1798,70217,8178.51
1799,70220,11906.3
1800,70221,2821.91
1801,70236,9252.36
1802,70249,8685.3
1803,70280,5332.84
1804,70409,513.25
1805,70456,7298.61
1806,70501,6836.41
1807,70592,4393.41
1808,70598,6138.34
1809,70640,29896.79
1810,70646,6430.51
1811,70703,6487.63
1812,70732,10939.34
1813,70736,15025.77
1814,70793,14256.54
1815,70809,3068.76
1816,70823,6653.96
1817,70825,12690.95
1818,70839,13856.88
1819,70851,10669.2
1820,70866,4162.75
1821,70931,6644.67
1822,70961,4104.34
1823,71002,13391.87
1824,71021,7479.65
1825,71040,7991.72
1826,71046,12069.54
1827,71093,7569.77
1828,71095,3807.54
1829,71198,1647.0
1830,71209,2240.69
1831,71209,3354.85
1832,71212,8819.19
1833,71266,6307.87
1834,71345,1850.82
1835,71353,8080.89
1836,71381,10819.48
1837,71426,17560.67
1838,71439,13212.36
1839,71488,2683.87
1840,71615,3244.7
1841,71634,1264.08
1842,71643,28102.73
1843,71674,18391.81
1844,71696,5429.53
1845,71698,10195.85
1846,71722,3013.39
1847,71743,5815.05
1848,71745,6254.56
1849,71771,2159.35
1850,71804,16051.41
1851,71877,6113.87
1852,71917,8826.17
1853,71934,8486.37
1854,71934,3732.18
1855,72010,3739.77
1856,72032,2335.53
1857,72049,1940.23
1858,72120,13703.9
1859,72169,4809.66
1860,72207,12795.15
1861,72208,6078.47
1862,72210,6789.86
1863,72299,2549.39
1864,72375,14951.95
1865,72438,10708.63
1866,72460,3451.7
1867,72485,2923.44
1868,72537,3805.96
1869,72557,742.24
1870,72583,9063.69
1871,72595,607.04
1872,72619,7075.41
1873,72625,9330.25
1874,72634,8399.65
1875,72670,2388.59
1876,72741,7185.21
1877,72758,4392.8
1878,72760,9532.76
1879,72767,3594.3
1880,72769,2655.98
1881,72846,5140.63
1882,73015,5072.74
1883,73032,5333.07
1884,73077,16635.71
1885,73127,5842.75
1886,73140,17591.1
1887,73141,8048.56
1888,73269,8349.13
1889,73291,5279.55
1890,73360,9283.66
1891,73371,16580.71
1892,73558,8324.9
1893,73570,2290.04
1894,73588,4795.52
1895,73596,8370.53
1896,73603,4714.66
1897,73638,2099.3
1898,73674,8936.57
1899,73735,7047.53
1900,73773,3558.9
1901,73780,4396.75
1902,73809,9492.75
1903,73819,5192.22
1904,73875,6439.83
1905,73904,3211.63
1906,73953,6956.15
1907,74029,8272.7
1908,74056,6988.69
1909,74113,4075.37
1910,74166,8924.57
1911,74181,5991.85
1912,74198,11370.64
1913,74234,10030.51
1914,74273,6223.77
1915,74395,9639.2
1916,74416,3048.3
1917,74533,7694.42
1918,74545,11247.89
1919,74596,2319.85
1920,74605,2112.79
1921,74624,8054.87
1922,74645,1880.64
1923,74685,7888.29
1924,74725,15349.2
1925,74768,5307.84
1926,74846,11526.53
1927,74898,8666.21
1928,74967,8426.14
1929,74982,2297.43
1930,75006,7191.8
1931,75019,6405.05
1932,75022,1739.2
1933,75049,8890.05
1934,75129,4241.12
1935,75155,5646.35
1936,75197,19772.85
1937,75380,1300.59
1938,75384,10893.56
1939,75384,7331.48
1940,75384,2782.73
1941,75437,2148.94
1942,75451,4541.43
1943,75465,5955.12
1944,75556,3927.97
1945,75588,13140.85
1946,75602,21495.24
1947,75649,9422.89
1948,75735,7003.45
1949,75741,7751.52
1950,75814,12847.24
1951,75818,3787.61
1952,75881,10355.99
1953,75899,5891.52
1954,75923,7342.24
1955,75932,1327.35
1956,75982,11960.6
1957,75982,10910.17
1958,76038,14918.47
1959,76038,20652.07
1960,76066,4321.2
1961,76069,7042.77
1962,76107,4300.12
1963,76114,7230.51
1964,76136,14472.09
1965,76164,8940.31
1966,76174,4042.87
1967,76176,7343.88
1968,76196,11261.29
1969,76241,9175.52
1970,76301,12524.01
1971,76431,1641.21
1972,76491,4917.86
1973,76503,3261.41
1974,76517,7330.69
1975,76532,4087.72
1976,76574,3257.28
1977,76598,6471.05
1978,76613,1833.44
1979,76630,1305.61
1980,76721,2918.85
1981,76722,5524.46
1982,76765,19115.68
1983,76827,8804.03
1984,76984,13151.4
1985,77038,4436.49
1986,77051,10174.69
1987,77061,5572.37
1988,77065,1172.6
1989,77067,5006.22
1990,77093,7199.44
1991,77131,21437.38
1992,77166,10879.13
1993,77194,9845.21
1994,77247,9263.51
1995,77279,9174.49
1996,77338,15720.02
1997,77341,14712.02
1998,77412,5729.74
1999,77500,1876.33
2000,77530,41393.87
2001,77556,4242.24
2002,77558,18459.3
2003,77590,9045.4
2004,77632,8643.37
2005,77653,448.25
2006,77840,5009.89
2007,77843,12359.79
2008,77862,1659.93
2009,77920,2074.63
2010,77944,5673.68
2011,77993,21980.41
2012,78056,19168.37
2013,78093,3712.49
2014,78093,11524.5
2015,78099,4493.98
2016,78113,1768.48
2017,78161,10572.96
2018,78186,2090.17
2019,78189,9748.35
2020,78229,1080.52
2021,78275,1544.83
2022,78294,5084.1
2023,78307,9879.45
2024,78334,9953.87
2025,78341,9341.59
2026,78412,11456.85
2027,78433,4450.33
2028,78479,6818.55
2029,78496,2876.66
2030,78572,5529.21
2031,78610,2813.33
2032,78655,11540.07
2033,78746,5259.08
2034,78754,15210.57
2035,78776,27135.58
2036,78784,4090.57
2037,78821,4814.51
2038,78842,3351.21
2039,78845,4986.94
2040,78866,3603.07
2041,78871,4823.49
2042,78890,1263.58
2043,78898,7985.54
2044,78927,5397.31
2045,78944,5167.38
2046,78973,5010.06
2047,78987,18589.97
2048,79021,8514.31
2049,79029,3244.61
2050,79065,3785.22
2051,79104,8971.95
2052,79169,11907.75
2053,79169,3311.4
2054,79198,5246.71
2055,79210,3102.14
2056,79231,13605.89
2057,79233,13390.47
2058,79260,19916.47
2059,79274,7396.0
2060,79356,2963.18
2061,79362,4514.76
2062,79426,7040.48
2063,79439,9220.49
2064,79454,5668.09
2065,79467,2487.49
2066,79576,2030.72
2067,79577,14587.94
2068,79581,12159.85
2069,79602,5953.82
2070,79636,3854.97
2071,79698,16643.19
2072,79730,9311.07
2073,79734,8094.44
2074,79737,7351.57
2075,79758,19460.64
2076,79773,4139.78
2077,79781,8366.74
2078,79832,17974.04
2079,79881,9193.99
2080,79903,18192.65
2081,79944,10879.39
2082,80013,3446.1
2083,80020,5320.48
2084,80062,1983.37
2085,80111,1954.9
2086,80111,16885.55
2087,80113,2786.06
2088,80114,3532.7
2089,80114,3117.6
2090,80125,10254.07
2091,80156,7512.86
2092,80159,2904.17
2093,80229,1372.14
2094,80308,8450.53
2095,80354,11927.15
2096,80384,12033.42
2097,80392,7864.9
2098,80424,7350.2
2099,80430,16319.62
2100,80463,6892.9
2101,80562,5186.94
2102,80588,6599.64
2103,80654,7046.35
2104,80680,7715.22
2105,80756,4756.48
2106,80783,2999.74
2107,80793,6990.68
2108,80794,8846.55
2109,80812,8179.33
2110,80853,11915.04
2111,80857,6172.37
2112,80872,4317.55
2113,80881,3266.57
2114,80971,1225.3
2115,80973,2602.79
2116,81044,25534.57
2117,81047,20642.14
2118,81072,18149.41
2119,81128,19760.03
2120,81138,7088.43
2121,81179,4339.65
2122,81214,2457.19
2123,81248,4244.38
2124,81257,6041.66
2125,81285,8071.93
2126,81375,12090.22
2127,81410,21657.23
2128,81431,1724.2
2129,81504,15548.67
2130,81532,11333.35
2131,81561,3811.81
2132,81565,7753.02
2133,81597,5009.0
2134,81669,9332.64
2135,81746,15378.55
2136,81779,6802.15
2137,81815,6994.89
2138,81839,3488.93
2139,81903,21451.99
2140,81935,16180.26
2141,81968,6314.05
2142,82011,3719.22
2143,82023,5097.09
2144,82038,8266.86
2145,82139,4646.79
2146,82219,14074.85
2147,82225,7572.72
2148,82261,5090.66
2149,82407,7407.12
2150,82411,5323.3
2151,82414,8965.8
2152,82420,9989.97
2153,82455,2234.68
2154,82459,8483.71
2155,82495,12081.01
2156,82520,6333.63
2157,82551,6111.34
2158,82552,10526.47
2159,82701,6987.44
2160,82739,8854.72
2161,82764,4654.36
2162,82779,6881.89
2163,82818,7916.06
2164,82820,3123.05
2165,82848,15026.87
2166,82854,3831.25
2167,82868,4332.21
2168,82897,11734.17
2169,82916,1942.33
2170,82963,2006.24
2171,82979,11571.82
2172,83023,6312.25
2173,83045,11165.8
2174,83051,11885.12
2175,83057,5781.28
2176,83107,10956.78
2177,83120,11160.35
2178,83122,2746.99
2179,83178,5240.6
2180,83217,5948.36
2181,83286,14018.0
2182,83288,1327.11
2183,83300,12576.28
2184,83416,13139.4
2185,83432,2578.26
2186,83486,4617.04
2187,83489,6169.94
2188,83511,6220.4
2189,83518,2125.51
2190,83578,2593.45
2191,83695,1457.71
2192,83721,3120.37
2193,83727,4695.94
2194,83752,8605.57
2195,83752,2433.48
2196,83796,7013.44
2197,83840,23069.2
2198,83851,9290.54
2199,83871,6469.64
2200,83884,12005.16
2201,83920,3358.2
2202,83933,7199.35
2203,83990,7927.55
2204,84168,1171.0
2205,84214,5572.82
2206,84253,4803.09
2207,84300,8425.01
2208,84356,586.22
2209,84377,14411.63
2210,84413,1594.88
2211,84431,8607.4
2212,84479,8030.26
2213,84493,12042.21
2214,84527,5136.96
2215,84566,1148.75
2216,84571,7328.14
2217,84585,4358.1
2218,84604,5203.48
2219,84606,5153.71
2220,84613,1039.33
2221,84628,8697.39
2222,84682,15364.48
2223,84774,6491.95
2224,84806,14278.7
2225,84913,25583.55
2226,84918,1658.52
2227,84966,9827.71
2228,84981,18429.14
2229,85006,3354.63
2230,85021,8882.0
2231,85053,10674.46
2232,85062,4666.25
2233,85077,8746.47
2234,85117,24304.03
2235,85149,10052.36
2236,85169,12086.85
2237,85204,6289.06
2238,85231,5994.59
2239,85283,5721.14
2240,85356,21125.93
2241,85356,25752.52
2242,85420,1429.49
2243,85445,5569.33
2244,85503,10243.83
2245,85524,5062.33
2246,85526,4404.18
2247,85528,3801.33
2248,85604,12603.97
2249,85626,18064.83
2250,85653,6130.24
2251,85685,9996.55
2252,85696,11488.59
2253,85719,4097.29
2254,85888,4317.4
2255,85920,2267.44
2256,85969,7180.88
2257,85998,8995.11
2258,86216,7937.06
2259,86221,3700.81
2260,86241,7847.98
2261,86246,8080.72
2262,86276,10134.7
2263,86307,1398.6
2264,86316,8974.13
2265,86338,2284.42
2266,86447,14032.53
2267,86492,8662.76
2268,86519,18782.5
2269,86535,13175.0
2270,86544,17437.82
2271,86560,12931.95
2272,86570,9390.95
2273,86585,7799.22
2274,86628,10030.91
2275,86639,26667.3
2276,86810,4572.57
2277,86833,2461.32
2278,86849,4562.82
2279,86873,3116.2
2280,87065,951.01
2281,87067,18236.09
2282,87126,16548.74
2283,87140,7400.25
2284,87142,27221.7
2285,87150,5483.68
2286,87186,13011.19
2287,87279,7213.62
2288,87307,2644.66
2289,87332,10057.92
2290,87339,10394.04
2291,87487,21694.68
2292,87510,9728.6
2293,87548,4416.08
2294,87626,7893.04
2295,87628,2067.43
2296,87670,7603.68
2297,87751,5575.51
2298,87858,1482.79
2299,87866,10517.68
2300,87880,4833.01
2301,87893,6849.26
2302,87920,4101.33
2303,87976,9262.6
2304,87978,8860.43
2305,87993,5679.29
2306,88023,10909.44
2307,88025,12466.02
2308,88049,4109.48
2309,88218,13229.06
2310,88222,8108.57
2311,88261,3912.74
2312,88298,12339.67
2313,88302,2266.27
2314,88344,8173.1
2315,88361,11716.51
2316,88402,9756.9
2317,88446,14403.39
2318,88471,1035.83
2319,88481,13136.12
2320,88543,4617.07
2321,88659,4031.05
2322,88728,10791.83
2323,88822,4649.18
2324,88865,1164.37
2325,88983,9124.35
2326,89019,4411.31
2327,89026,3903.81
2328,89052,31391.88
2329,89168,7135.98
2330,89177,17677.11
2331,89253,4665.56
2332,89264,5107.87
2333,89276,12119.14
2334,89325,17058.07
2335,89326,1515.13
2336,89341,8756.38
2337,89369,13957.79
2338,89376,14437.33
2339,89410,739.59
2340,89490,7090.67
2341,89500,4258.53
2342,89502,14913.09
2343,89516,4484.03
2344,89537,14857.36
2345,89553,2178.97
2346,89591,7056.08
2347,89618,11553.41
2348,89679,3231.4
2349,89708,13162.2
2350,89750,17389.67
2351,89829,10645.04
2352,89846,8493.7
2353,89889,6684.13
2354,90039,1580.66
2355,90142,6476.2
2356,90264,384.74
2357,90274,22055.49
2358,90338,7414.66
2359,90348,11797.39
2360,90362,5752.04
2361,90437,7312.92
2362,90474,15325.65
2363,90475,8300.93
2364,90480,5326.65
2365,90579,13140.81
2366,90689,4977.67
2367,90694,11610.67
2368,90708,3296.88
2369,90753,3917.78
2370,90784,1168.15
2371,90820,9181.49
2372,90897,10242.27
2373,90983,18597.03
2374,91001,7531.31
2375,91064,2793.47
2376,91099,6936.12
2377,91153,9942.15
2378,91336,1735.13
2379,91399,1330.78
2380,91411,6477.01
2381,91474,4136.25
2382,91510,14645.75
2383,91542,877.61
2384,91545,7373.35
2385,91562,9194.6
2386,91646,5430.56
2387,91737,1937.17
2388,91878,5192.21
2389,91891,6842.49
2390,91894,4008.27
2391,91907,2328.02
2392,91946,7858.19
2393,91953,11277.34
2394,91955,14206.88
2395,91967,7446.06
2396,91972,2877.59
2397,92011,7207.57
2398,92032,2992.09
2399,92114,11152.93
2400,92116,3271.21
2401,92153,14732.76
2402,92159,16533.42
2403,92224,7184.46
2404,92246,11306.6
2405,92396,2719.13
2406,92421,15703.36
2407,92437,13748.47
2408,92442,4710.86
2409,92465,3068.58
2410,92491,5616.96
2411,92511,1249.09
2412,92526,12424.14
2413,92591,3868.87
2414,92598,3593.67
2415,92626,4065.61
2416,92698,3727.13
2417,92700,2024.26
2418,92702,5871.35
2419,92752,5524.78
2420,92772,20219.11
2421,93052,3768.23
2422,93245,24188.81
2423,93251,3395.99
2424,93264,2801.52
2425,93303,3720.13
2426,93304,8188.53
2427,93392,11441.15
2428,93508,7833.84
2429,93576,3804.48
2430,93582,2564.19
2431,93589,3099.31
2432,93635,5063.47
2433,93651,2861.84
2434,93760,14220.25
2435,93761,8322.71
2436,93770,11754.81
2437,93861,9593.15
2438,93900,4029.58
2439,93959,22797.54
2440,94117,7391.99
2441,94175,4607.87
2442,94242,6049.36
2443,94271,8915.08
2444,94285,12660.96
2445,94339,5321.39
2446,94389,2599.56
2447,94463,3516.1
2448,94511,12888.9
2449,94536,9602.63
2450,94538,3253.57
2451,94588,8833.31
2452,94678,7810.94
2453,94688,6437.81
2454,94729,3848.7
2455,94744,4851.95
2456,94752,15052.26
2457,94776,4889.43
2458,94797,3830.03
2459,94835,9514.21
2460,94870,15360.99
2461,94872,1607.5
2462,94925,1160.86
2463,94925,23022.49
2464,94944,2701.83
2465,95085,4380.39
2466,95133,4950.76
2467,95133,9254.82
2468,95137,2251.26
2469,95139,3701.7
2470,95218,4367.1
2471,95238,3206.91
2472,95260,4693.84
2473,95260,6479.67
2474,95312,14372.77
2475,95327,13589.87
2476,95332,5816.09
2477,95338,10152.13
2478,95490,18056.48
2479,95511,10713.64
2480,95543,8782.54
2481,95607,2025.72
2482,95628,17697.35
2483,95629,20186.43
2484,95639,1863.88
2485,95642,840.05
2486,95696,5852.82
2487,95703,9978.78
2488,95720,4894.59
2489,95744,8507.18
2490,95785,7672.25
2491,95840,2731.07
2492,95840,12367.31
2493,95911,1948.26
2494,95931,3696.44
2495,96008,6855.97
2496,96078,5351.82
2497,96107,15839.13
2498,96155,7058.22
2499,96173,9423.91
2500,96193,7183.47
2501,96256,1446.6
2502,96275,4278.59
2503,96300,5480.21
2504,96325,4667.55
2505,96379,15741.59
2506,96386,2329.34
2507,96404,7356.95
2508,96418,6313.96
2509,96477,7095.14
2510,96485,3649.67
2511,96494,10960.08
2512,96495,14900.9
2513,96497,5009.35
2514,96624,1652.1
2515,96647,8259.74
2516,96653,3623.36
2517,96655,15934.64
2518,96664,11162.84
2519,96679,4136.65
2520,96712,6153.63
2521,96787,2155.52
2522,96790,8786.87
2523,96858,7464.71
2524,96917,3577.69
2525,96921,21912.84
2526,96928,14162.14
2527,97084,6975.83
2528,97133,4069.7
2529,97149,1954.12
2530,97192,1317.99
2531,97276,16759.42
2532,97299,6456.97
2533,97308,2537.88
2534,97342,6771.46
2535,97359,5094.1
2536,97359,12238.48
2537,97380,16857.68
2538,97404,15305.61
2539,97411,1406.21
2540,97474,6214.8
2541,97474,5531.3
2542,97584,4088.31
2543,97665,7998.0
2544,97722,3779.66
2545,97730,15561.68
2546,97781,3351.02
2547,97793,7390.98
2548,97818,7829.97
2549,97828,4612.42
2550,97828,6935.01
2551,97872,10650.59
2552,97884,2713.65
2553,97902,7499.24
2554,97907,7126.77
2555,97917,14909.87
2556,97950,5064.59
2557,97986,6727.67
2558,97995,14149.6
2559,98076,2333.5
2560,98142,14065.74
2561,98155,15251.38
2562,98163,1776.18
2563,98176,9722.35
2564,98262,4770.85
2565,98269,2702.01
2566,98295,5568.29
2567,98351,1785.03
2568,98362,15056.39
2569,98420,19710.49
2570,98444,3476.33
2571,98446,13058.98
2572,98531,3281.81
2573,98584,2618.1
2574,98609,3440.08
2575,98641,3639.67
2576,98670,10810.79
2577,98754,10160.91
2578,98904,9815.4
2579,99032,27318.52
2580,99046,10180.79
2581,99074,19809.19
2582,99118,1020.15
2583,99134,11570.44
2584,99199,16263.62
2585,99202,4968.78
2586,99207,5577.94
2587,99234,1195.08
2588,99248,5277.21
2589,99299,9383.3
2590,99342,8559.21
2591,99480,8316.84
2592,99522,4005.55
2593,99684,12400.77
2594,99778,5709.7
2595,99783,24151.23
2596,99816,11439.74
2597,99826,13876.22
2598,99838,11182.48
2599,99847,18376.0
2600,99881,3135.58
2601,99887,2044.47
2602,99915,8345.4
2603,99926,7796.42
2604,99934,7742.39
2605,99953,5224.41
2606,99957,7990.23
2607,99977,9422.6
2608,99980,3481.39
